<?xml version="1.0" encoding="UTF-8"?>
<addon id="plugin.video.easywatch"
version="0.0.1"
name="easywatch"
provider-name="Roman_V_M">
<requires>
    <import addon="xbmc.python" version="3.0.0"/>
</requires>
<extension point="xbmc.python.pluginsource" library="easywatch.py">
  <provides>video</provides>
</extension>
<extension point="xbmc.addon.metadata">
  <summary lang="en">easywatch</summary>
  <description lang="en_GB">easywatch</description>
  <disclaimer lang="en_GB">easywatch</disclaimer>
  <!-- <assets>
    <icon>icon.png</icon>
    <fanart>fanart.jpg</fanart>
  </assets> -->
  <news>easywatch</news>
</extension>
</addon>
