<?xml version="1.0" encoding="UTF-8"?>
<addon id="plugin.video.easywatch"
version="0.0.4"
name="easywatch"
provider-name="kecerim">
<requires>
  <import addon="xbmc.python" version="3.0.0"/>
</requires>
<extension point="xbmc.python.pluginsource" library="easywatch.py">
  <provides>video</provides>
</extension>
<extension point="xbmc.addon.metadata">
  <summary lang="en">easywatch</summary>
  <description lang="en_GB">easywatch</description>
  <disclaimer lang="en_GB">easywatch</disclaimer>
  <!-- <assets>
    <icon>icon.png</icon>
    <fanart>fanart.jpg</fanart>
  </assets> -->
  <platform>all</platform>
  <settings>
    <setting id="username" type="text" label="Username" default="" />
    <setting id="password" type="text" label="Password" option="hidden" default="" />
  </settings>
  <news>easywatch</news>
</extension>
</addon>
